p0Bucket,url,slug,gscCoverage,gscVerdict,gscLastCrawl,bingLastCrawled,bingDiscoveryDate,inIndexNowIntended,gap,gscIssueBucket
P0_es_stale_noindex,https://ccamilocristian.github.io/posts/automatizacion-envio-correos/,automatizacion-envio-correos,Excluded by ‘noindex’ tag,NEUTRAL,2026-06-24T13:08:30Z,2026-09-16T19:04:08+00:00,2021-03-28T07:00:00+00:00,Y,bing_known_gsc_stale_noindex,P0_stale_noindex_needs_recrawl
P0_es_stale_noindex,https://ccamilocristian.github.io/posts/convertidor-IPC/,convertidor-IPC,Excluded by ‘noindex’ tag,NEUTRAL,2026-07-14T20:07:11Z,2026-08-15T17:06:37+00:00,2021-04-27T07:00:00+00:00,Y,bing_known_gsc_stale_noindex,P0_stale_noindex_needs_recrawl
P0_es_stale_noindex,https://ccamilocristian.github.io/posts/icfes-conexion-api/,icfes-conexion-api,Excluded by ‘noindex’ tag,NEUTRAL,2026-08-03T10:06:18Z,2026-09-13T10:09:23+00:00,2021-03-28T07:00:00+00:00,N,bing_known_gsc_stale_noindex,P0_stale_noindex_needs_recrawl
P0_es_stale_noindex,https://ccamilocristian.github.io/posts/liquidador-intereses/,liquidador-intereses,Excluded by ‘noindex’ tag,NEUTRAL,2026-07-24T15:29:11Z,2026-09-14T03:37:08+00:00,2021-04-20T07:00:00+00:00,N,bing_known_gsc_stale_noindex,P0_stale_noindex_needs_recrawl
P0_es_stale_noindex,https://ccamilocristian.github.io/posts/optimizacion_teoria_consumidor/,optimizacion_teoria_consumidor,Excluded by ‘noindex’ tag,NEUTRAL,2026-07-21T21:47:55Z,2026-08-30T00:46:42+00:00,2021-03-28T07:00:00+00:00,N,bing_known_gsc_stale_noindex,P0_stale_noindex_needs_recrawl
P0_es_stale_noindex,https://ccamilocristian.github.io/posts/reproductor-musica/,reproductor-musica,Excluded by ‘noindex’ tag,NEUTRAL,2026-07-17T17:56:04Z,2026-09-16T19:04:15+00:00,2021-03-28T07:00:00+00:00,Y,bing_known_gsc_stale_noindex,P0_stale_noindex_needs_recrawl
P0_crawled_not_indexed,https://ccamilocristian.github.io/posts/scraping-plebiscito-colombia/,scraping-plebiscito-colombia,Crawled - currently not indexed,NEUTRAL,2026-05-08T20:12:33Z,2026-09-03T11:38:02+00:00,2021-03-28T07:00:00+00:00,N,bing_known_gsc_crawled_not_indexed,P0_crawled_not_indexed
P0_money_en_unknown,https://ccamilocristian.github.io/posts/automation-sending/,automation-sending,URL is unknown to Google,NEUTRAL,,2026-09-16T19:04:15+00:00,2021-05-24T07:00:00+00:00,Y,bing_known_gsc_unknown,P1_unknown
P0_money_en_unknown,https://ccamilocristian.github.io/posts/colombia-cpi-indexation-engine-english/,colombia-cpi-indexation-engine-english,URL is unknown to Google,NEUTRAL,,2026-09-12T04:38:10+00:00,2026-08-06T07:00:00+00:00,Y,bing_known_gsc_unknown,P0_money_en_unknown
P0_money_en_unknown,https://ccamilocristian.github.io/posts/convertidor-english/,convertidor-english,URL is unknown to Google,NEUTRAL,,2026-07-30T06:57:49+00:00,2021-05-22T07:00:00+00:00,Y,bing_known_gsc_unknown,P1_unknown
P0_money_en_unknown,https://ccamilocristian.github.io/posts/loan-simulator-english/,loan-simulator-english,URL is unknown to Google,NEUTRAL,,2026-09-16T08:45:30+00:00,2026-06-26T07:00:00+00:00,N,bing_known_gsc_unknown,P1_unknown
P0_money_en_unknown,https://ccamilocristian.github.io/posts/local-rag-ollama-python-english/,local-rag-ollama-python-english,URL is unknown to Google,NEUTRAL,,2026-08-15T15:23:02+00:00,2026-08-01T07:00:00+00:00,N,bing_known_gsc_unknown,P0_money_en_unknown
P0_money_en_unknown,https://ccamilocristian.github.io/posts/mcp-bigquery-server-python-english/,mcp-bigquery-server-python-english,URL is unknown to Google,NEUTRAL,,2026-09-06T13:20:44+00:00,2026-07-19T07:00:00+00:00,N,bing_known_gsc_unknown,P0_money_en_unknown
P0_money_en_unknown,https://ccamilocristian.github.io/posts/music-player-english/,music-player-english,URL is unknown to Google,NEUTRAL,,2026-09-16T19:13:17+00:00,2026-06-23T07:00:00+00:00,Y,bing_known_gsc_unknown,P1_unknown
P0_money_en_unknown,https://ccamilocristian.github.io/posts/real-cost-of-credit-colombia-english/,real-cost-of-credit-colombia-english,URL is unknown to Google,NEUTRAL,,2026-07-31T11:04:33+00:00,2026-07-31T07:00:00+00:00,Y,bing_known_gsc_unknown,P0_money_en_unknown
P1_en_or_es_unknown,https://ccamilocristian.github.io/posts/behavioral-economics-data-analysis-applications/,behavioral-economics-data-analysis-applications,URL is unknown to Google,NEUTRAL,,2026-09-15T21:57:33+00:00,2023-03-31T07:00:00+00:00,N,bing_known_gsc_unknown,P1_unknown
P1_en_or_es_unknown,https://ccamilocristian.github.io/posts/creating-fun-game/,creating-fun-game,URL is unknown to Google,NEUTRAL,,2026-09-09T09:28:15+00:00,2023-05-10T07:00:00+00:00,N,bing_known_gsc_unknown,P1_unknown
P1_en_or_es_unknown,https://ccamilocristian.github.io/posts/experimental-desing/,experimental-desing,URL is unknown to Google,NEUTRAL,,2026-08-18T18:30:19+00:00,2023-05-10T07:00:00+00:00,N,bing_known_gsc_unknown,P1_unknown
P1_en_or_es_unknown,https://ccamilocristian.github.io/posts/icfes-english/,icfes-english,URL is unknown to Google,NEUTRAL,,2026-08-29T20:27:30+00:00,2021-05-22T07:00:00+00:00,N,bing_known_gsc_unknown,P1_unknown
P1_en_or_es_unknown,https://ccamilocristian.github.io/posts/introduction-pyautogui-be/,introduction-pyautogui-be,URL is unknown to Google,NEUTRAL,,2026-09-08T07:52:52+00:00,2023-05-03T07:00:00+00:00,N,bing_known_gsc_unknown,P1_unknown
P1_en_or_es_unknown,https://ccamilocristian.github.io/posts/mastering-visualization-plotly/,mastering-visualization-plotly,URL is unknown to Google,NEUTRAL,,2026-07-19T10:28:12+00:00,2023-04-29T07:00:00+00:00,N,bing_known_gsc_unknown,P1_unknown
P1_en_or_es_unknown,https://ccamilocristian.github.io/posts/ministerio-salud/,ministerio-salud,URL is unknown to Google,NEUTRAL,,2026-08-30T05:14:39+00:00,2021-04-20T07:00:00+00:00,N,bing_known_gsc_unknown,P1_unknown
P1_en_or_es_unknown,https://ccamilocristian.github.io/posts/minsalud-decrees-english/,minsalud-decrees-english,URL is unknown to Google,NEUTRAL,,2026-08-12T12:24:01+00:00,2026-07-08T07:00:00+00:00,N,bing_known_gsc_unknown,P1_unknown
P1_en_or_es_unknown,https://ccamilocristian.github.io/posts/scraping-colombia-english/,scraping-colombia-english,URL is unknown to Google,NEUTRAL,,2026-09-16T01:05:11+00:00,2021-05-22T07:00:00+00:00,N,bing_known_gsc_unknown,P1_unknown
P1_en_or_es_unknown,https://ccamilocristian.github.io/posts/step-colombia-english/,step-colombia-english,URL is unknown to Google,NEUTRAL,,2026-08-27T07:55:23+00:00,2026-07-18T07:00:00+00:00,N,bing_known_gsc_unknown,P1_unknown
P1_en_or_es_unknown,https://ccamilocristian.github.io/posts/step-colombia/,step-colombia,URL is unknown to Google,NEUTRAL,,2026-07-29T13:08:43+00:00,2021-05-04T07:00:00+00:00,N,bing_known_gsc_unknown,P1_unknown
P1_hub_unknown,https://ccamilocristian.github.io/tabs/archives/,archives,URL is unknown to Google,NEUTRAL,,2026-09-11T10:50:44+00:00,2022-09-04T07:00:00+00:00,N,bing_known_gsc_unknown,P1_hub_unknown
P1_hub_unknown,https://ccamilocristian.github.io/tabs/economics-lens/,economics-lens,URL is unknown to Google,NEUTRAL,,2026-09-04T02:44:43+00:00,2026-07-09T07:00:00+00:00,N,bing_known_gsc_unknown,P1_hub_unknown
P1_hub_unknown,https://ccamilocristian.github.io/tabs/stack/,stack,URL is unknown to Google,NEUTRAL,,2026-09-17T03:26:57+00:00,2026-08-12T07:00:00+00:00,N,bing_known_gsc_unknown,P1_hub_unknown
P3_ok,https://ccamilocristian.github.io/,home,Submitted and indexed,PASS,2026-09-16T01:58:30Z,2026-09-16T19:03:41+00:00,2021-03-25T07:00:00+00:00,Y,ok_both,OK_indexed
P3_ok,https://ccamilocristian.github.io/posts/optimation-consumer-english/,optimation-consumer-english,Submitted and indexed,PASS,2026-07-09T18:49:34Z,2026-09-11T01:53:44+00:00,2021-06-01T07:00:00+00:00,N,ok_both,OK_indexed
P3_ok,https://ccamilocristian.github.io/tabs/intelligence/,intelligence,Submitted and indexed,PASS,2026-06-27T10:19:38Z,2026-08-18T22:29:35+00:00,2026-07-10T07:00:00+00:00,Y,ok_both,OK_indexed
P3_ok,https://ccamilocristian.github.io/tabs/profile/,profile,Submitted and indexed,PASS,2026-09-16T18:19:16Z,2026-09-14T17:55:21+00:00,2026-08-09T07:00:00+00:00,Y,ok_both,OK_indexed
